"","logFC","logCPM","PValue","FDR"
"CHIA|27159",-8.07821739913088,3.11287975039189,0,0
"GHRH|2691",7.56963677681946,2.10998378082167,0,0
"PGA3|643834",-7.32962302421643,9.82025382406993,0,0
"PGA4|643847",-6.95752558748685,9.86741325832958,0,0
"CRP|1401",-6.87543931710668,3.5675414975704,0,0
"CYP1A1|1543",-6.6175057243695,2.80699833433207,0,0
"FAM9C|171484",6.3592852159424,-1.12199618265958,0,0
"TMEFF2|23671",6.15945264770813,1.32262019091593,0,0
"DEFA5|1670",5.8125380625602,2.41998232517868,0,0
"UGT2B10|7365",5.64349899663897,-1.84861558490586,0,0
"SCG3|29106",5.60454049696333,1.4780447948132,0,0
"CLCA1|1179",5.52922765355196,2.41686094462812,0,0
"ASCL1|429",5.37570065787367,2.45097210815371,0,0
"LIPF|8513",-5.32490278537192,9.36841281578956,0,0
"ITLN1|55600",5.10940106701409,5.27964247647347,0,0
"PCDH15|65217",4.91106810262429,1.09993614522241,0,0
"SEZ6|124925",4.78483054536352,0.389489600921664,0,0
"CELF3|11189",4.59181997442816,0.85728964803759,0,0
"SCGN|10590",4.53364105554748,0.925654051162677,0,0
"DEFA6|1671",4.50592138285789,1.36927519234359,0,0
"PNMA5|114824",4.43303379554125,1.80071801034114,0,0
"CPA2|1358",4.05434748274491,1.85190956034635,0,0
"TAC3|6866",4.04288574734121,0.294905511659851,0,0
"LY6H|4062",3.90953018896143,0.698421357763725,0,0
"KCNH6|81033",3.89988031612276,0.25240184591134,0,0
"SCG2|7857",3.82114153353466,3.24306351311445,0,0
"CASR|846",3.78719339833478,-0.151039478610382,0,0
"PCSK1N|27344",3.77682543307422,5.00131456885737,0,0
"SST|6750",3.67609156844195,3.01996293977661,0,0
"CHGB|1114",3.65384312890909,2.41376904020233,0,0
"PGA5|5222",-5.08657192409439,5.66686450826144,1.5274533506828e-319,8.85036046155173e-317
"INSM1|3642",3.50775354125419,3.23664963522937,1.94015527783562e-317,1.08903340945186e-314
"ACSM2A|123876",4.56538578285395,-1.98211820355599,1.41284593516579e-308,7.69016323862058e-306
"VCX|26609",3.52335358365014,0.286821039700346,2.31381341059441e-306,1.22237401414991e-303
"CDH10|1008",4.10094044343339,-1.34715574677482,1.75212885776287e-303,8.99192529803904e-301
"FGF3|2248",-5.06481043387852,2.52651745813532,2.44156223614496e-300,1.21820391348988e-297
"KCNK16|83795",5.54068070684602,-2.65321764144925,2.49712740515458e-294,1.21225412030775e-291
"TTR|7276",3.35089748444181,3.07650163823377,2.76293998585082e-294,1.30599810594349e-291
"OLFM3|118427",3.80430851468564,-0.895396946828694,4.85151888882143e-291,2.23443544310284e-288
"LOC646627|646627",3.35194711260414,0.429449205689175,5.99776597491976e-276,2.69329681103772e-273
"SPANXA2|728712",-4.96114329670599,2.09619861126776,1.20749713367207e-275,5.29001549146774e-273
"RFX6|222546",3.29265618724972,0.68239930833758,1.79123141758594e-267,7.66049969587587e-265
"SFTPB|6439",3.3848510421311,-0.205700545328958,2.05390100424196e-266,8.57957438097539e-264
"NEUROD1|4760",3.46075663347369,-0.161938143436616,1.56872590095264e-263,6.40396696202529e-261
"FAM123C|205147",3.52267091410112,-0.928256894855576,2.45030748738289e-263,9.78053846408253e-261
"SYT4|6860",3.843397555941,-1.44627674072601,4.6415000981293e-262,1.81240488614344e-259
"CA1|759",3.20194741242951,1.27083904693677,4.13766271900262e-261,1.581291441675e-258
"TSPY2|64591",4.12088566871985,-2.06841231865699,1.89938034867381e-259,7.10763954643312e-257
"NOL4|8715",3.59527725018554,-1.15915042254471,1.73916303696371e-257,6.37527478978412e-255
"CALCA|796",3.20059171760083,1.27718880605986,5.17570696976082e-255,1.85932097181688e-252
"GCG|2641",4.18630249695421,-1.91367056707824,2.85326550279139e-251,1.00490892080664e-248
"KLHL1|57626",4.57637524370746,-2.46880219724593,1.91932304454568e-248,6.62978471656335e-246
"DHRS2|10202",-4.23790539632604,5.42567252782001,8.59772351887002e-246,2.91381716690459e-243
"CES7|221223",3.62721215674507,-1.31195030533249,1.47503510375105e-241,4.90640380251413e-239
"ESX1|80712",4.36564814921317,-2.48765112307695,6.32747788331376e-240,2.06643923163785e-237
"AQP12B|653437",3.23658644813491,-0.403474201718337,2.27661577867208e-237,7.2767810051731e-235
"FEV|54738",3.34068083496057,-0.266629182499047,2.3091889393991e-237,7.2767810051731e-235
"CYMP|643160",3.49764582303564,-1.29366118147541,4.97241968751179e-236,1.53990693839805e-233
"RHAG|6005",4.35365962990853,-2.53097882293877,1.13145588693945e-234,3.44461197308584e-232
"NPSR1|387129",3.04897363419996,1.08421420893146,3.01240888699623e-234,9.01814807137103e-232
"RNASE2|6036",3.03234056984716,0.795430888856216,2.03046472557289e-230,5.97888645913774e-228
"UCN3|114131",3.32216453549408,-1.00493802922768,2.5620650206934e-230,7.42255030672498e-228
"NR5A1|2516",-4.55195838202885,0.676466073975052,1.25292332701755e-228,3.57222361903004e-226
"ASB4|51666",2.99090704008934,1.05741325918305,3.84562133667302e-228,1.07929766327064e-225
"PASD1|139135",-5.28148458740819,-0.212538378478651,7.77239588957781e-226,2.14781192259379e-223
"PLCXD3|345557",2.97818144800367,1.40001341974582,8.19128677533315e-225,2.22927110694749e-222
"LRRTM1|347730",-4.93627345828962,0.189398761431594,1.5059832635157e-221,4.0373837879506e-219
"ADAMTS18|170692",-3.97558547129621,2.64141793229975,5.307083533652e-221,1.40185050634496e-218
"DCAF4L2|138009",-4.47472304505952,0.730265922187914,1.30751870006424e-220,3.40371752037012e-218
"SPANXE|171489",-4.18328311336185,1.65828258317387,5.02196204027366e-220,1.28863545953422e-217
"ITIH2|3698",-3.89382832694458,2.36069649890216,8.5081184980676e-218,2.1524341473562e-215
"CYP2B7P1|1556",2.87334523208507,2.25073224412958,8.43791088748832e-216,2.10502438001479e-213
"TCHHL1|126637",-3.93210631945211,1.97007153408064,2.24375355951775e-211,5.52086321041889e-209
"GSTA2|2939",2.91005065024992,-0.00086824896109746,5.08882781818067e-207,1.23520980094812e-204
"ATP4A|495",-3.78667301188499,2.85887388353353,2.64629147403935e-205,6.33769166089265e-203
"SLC18A1|6570",2.92460070478589,-0.125655431356672,7.65501451628941e-204,1.80920224659987e-201
"TPH1|7166",2.77525190780021,1.61946342338478,6.93724247082257e-200,1.61826947092098e-197
"ADCY8|114",-4.3877173240328,0.163951274839977,7.30255887564844e-197,1.68164823749227e-194
"GABRG1|2565",3.54228941114258,-2.37174425791573,1.0178995004915e-196,2.31436845921877e-194
"VIT|5212",-3.88640832768338,1.62226881348155,6.79721674002101e-195,1.52614508855322e-192
"STMN2|11075",2.8380623686175,0.0513632041345743,2.43633832776975e-192,5.40265543745681e-190
"CDK5R2|8941",2.80734383312724,0.135347688617583,3.94466952966818e-191,8.64075049901217e-189
"REG3A|5068",2.67599148991396,6.34471649292068,1.12809896860867e-190,2.44131490049986e-188
"CCL25|6370",2.66267259200508,4.20302926097205,1.05874057319915e-187,2.26394025902418e-185
"COL2A1|1280",2.6757082128362,2.29946208829198,1.68086038703936e-187,3.55195462023541e-185
"ST18|9705",2.74727727325823,0.575210709211307,1.01728500471932e-185,2.12470619241494e-183
"PAX2|5076",2.82884898857028,-0.737324960738097,7.44150611727504e-185,1.53637164228154e-182
"GAGE4|2576",-3.73300199938688,1.2688054931865,2.03721943226042e-184,4.15824266389337e-182
"RPRML|388394",3.33194079880128,-1.9601477232228,2.4060257200496e-183,4.85584651500347e-181
"SOST|50964",-3.44886462572832,3.62843961606993,6.41485384086199e-180,1.28026227432848e-177
"HSD3B1|3283",2.98969477081008,-1.82407295729349,1.25234533470015e-176,2.47193702218506e-174
"DPEP3|64180",2.60079138241741,0.559703996925709,1.67458612525315e-176,3.26944738932577e-174
"ACSM2B|348158",3.52010995619616,-2.80862117166077,9.23235914120997e-175,1.78313585907971e-172
"VWA5B2|90113",2.60649757142363,1.66742910095749,9.77646546065685e-175,1.86813694259913e-172
"NEUROD2|4761",-3.40624426454873,1.38978111942985,3.71654643779474e-173,7.0270112753336e-171
"PRSS41|360226",3.06991225417362,-1.83765239451898,5.56589284445136e-171,1.04140174241703e-168
"CGA|1081",2.73611946555673,-0.872081966080857,1.1361824916727e-170,2.10392885726032e-168
"SVOP|55530",2.95128629315245,-1.62670736297654,2.5623504080958e-170,4.6964222479813e-168
"ALB|213",-3.31580652118016,5.41919203542178,7.48626734348581e-170,1.35826600023931e-167
"REN|5972",3.12003598609389,-2.09193539964255,1.6474747299072e-169,2.95919410985931e-167
"TSPY4|728395",2.64156726575786,-0.199981986857349,8.32901001546293e-169,1.48124433562124e-166
"BEX1|55859",2.58533795577516,0.833517261433076,9.28517860203486e-169,1.63510174558579e-166
"RGS7|6000",2.80781984300657,-1.03587827889695,4.90360163792392e-168,8.5513099631446e-166
"PRLHR|2834",3.72438730762447,-2.77353816354199,7.60764565309717e-168,1.31392818481665e-165
"SULT1C4|27233",2.56199642754562,1.1557717612478,2.29095047474592e-167,3.91905261213203e-165
"PAX7|5081",-3.34108169167532,1.46033368929882,4.5148224176469e-167,7.65049436469562e-165
"ABCA4|24",-3.28581631217429,3.41047821663348,3.23850031839415e-166,5.43644324476595e-164
"DCC|1630",-3.55682163953021,0.8997836283136,4.98701855804138e-166,8.25544461406101e-164
"SPANXC|64663",-3.51592202820386,0.869434360943266,5.00970639646281e-166,8.25544461406101e-164
"TTBK1|84630",2.52602409429229,1.82745398968751,2.66907229419336e-165,4.35835241348192e-163
"SOX10|6663",-3.30894337756562,2.47300836475341,1.00718806204807e-163,1.62982990725292e-161
"CALCR|799",2.69249316217907,-0.892623482231496,4.96293706575898e-161,7.95931031921097e-159
"CLEC2A|387836",-5.98694564571121,-1.70495221167948,5.23789002908864e-161,8.32592749579559e-159
"MS4A15|219995",2.52374381325517,-0.150769893130514,6.90723642897006e-157,1.08831386611544e-154
"MYOC|4653",-3.25597789682846,1.25199538769718,1.2373186425927e-155,1.93258412680435e-153
"AQP2|359",2.46388461125726,1.19983555704044,1.55054797722271e-155,2.40094334197192e-153
"AQP12A|375318",3.66057508517547,-2.85689274849622,2.95111762491283e-155,4.53059613493028e-153
"SLC14A2|8170",2.6540285429072,-0.667020530455127,8.42472919136372e-155,1.28241513334979e-152
"SSX3|10214",-6.2041394861508,-1.95999474673988,9.72932272281253e-155,1.46855541804335e-152
"FAM135B|51059",2.74645779713469,-1.40316224682676,4.46918827326662e-154,6.68962998036792e-152
"SSX2|6757",-3.6812152842995,-0.271296544127994,8.84630111195653e-154,1.313200500603e-151
"C15orf2|23742",3.26829659886733,-2.54646781516666,1.12895246145706e-153,1.66215115677801e-151
"DEFB103B|414325",2.41371702573835,3.05934068763441,4.38177949117921e-153,6.39882302606187e-151
"FGL1|2267",-3.16274582072863,1.5010538546213,5.12996884090353e-153,7.43100809034752e-151
"RNF17|56163",-4.20902282604319,-1.18062526562565,2.81300871647171e-150,4.0421810052212e-148
"SNAP25|6616",2.41970041407862,1.31120453931439,4.21051381869865e-150,6.00232136598929e-148
"HSD3B2|3284",2.6927051166126,-1.43381638790864,1.84597692163677e-149,2.61082184775115e-147
"ZCCHC12|170261",2.49761380280353,-0.555482115608403,4.92300431724245e-149,6.90835965205538e-147
"PNLIPRP2|5408",2.50811030385528,-0.500633324736537,2.21955227995568e-148,3.09051147694294e-146
"MAGEA8|4107",2.47426070604161,-0.41362032379085,7.42301524457788e-148,1.0256323063316e-145
"SYT9|143425",2.73134092585972,-1.58665851094529,5.03288901311944e-146,6.90082079798865e-144
"PKD1L3|342372",2.81144546138773,-1.78257334400429,2.13566345060001e-145,2.90612021967252e-143
"CHGA|1113",2.33797117761901,4.15783665758156,2.31609529487753e-144,3.12794764560828e-142
"LCE3E|353145",2.33917603006895,2.9703586945974,7.24128258900645e-144,9.70656103460701e-142
"PRSS33|260429",2.36810888210979,1.57079954053455,1.12887254622696e-143,1.50198582780212e-141
"KCNH7|90134",2.88570698762714,-2.0739484465195,1.60102067957727e-143,2.11452451812992e-141
"HEPACAM2|253012",2.32790762089211,3.10821499634043,1.44716537550133e-142,1.89737112954415e-140
"KIAA0087|9808",2.98730130517684,-2.29673974845331,3.25160226537377e-142,4.23226665874229e-140
"GLRA2|2742",2.98639009104649,-2.33302724408036,6.13349648175695e-142,7.92588948239701e-140
"VGF|7425",2.34002066958432,1.80843718560233,9.24040755283488e-142,1.18554428902871e-139
"DIRAS2|54769",-2.98309427074468,1.50812318030901,1.13467068078688e-141,1.44545778498539e-139
"RBP2|5948",2.36795955786279,0.505135661379476,1.75699619714239e-141,2.22247645725856e-139
"TSPY3|728137",2.40808921183462,-0.471652190902161,2.84095358140469e-140,3.56847609994343e-138
"BCL8|606",-3.00555976092157,1.18298046507326,1.09461494219585e-138,1.36538011053624e-136
"MYL7|58498",-5.27723853280937,-1.88546526081929,1.6474026948698e-137,2.04073429001734e-135
"TRIM55|84675",-4.06059323565547,-1.22266477439817,7.26732058207745e-135,8.94079536269008e-133
"MRGPRE|116534",-3.87808003528742,-1.1287448915113,1.10853815070944e-134,1.35452804510496e-132
"MS4A10|341116",-3.66951444223484,-1.12455988176935,2.74119090745684e-134,3.32684264052296e-132
"CEND1|51286",2.34135665817163,0.12244147793801,2.76402738633648e-134,3.33204428948831e-132
"SLC30A8|169026",-3.46313928834999,-0.477009022440344,4.69449853687166e-134,5.62150551461925e-132
"IL29|282618",2.61351428692385,-1.60559877970475,1.066127204066e-132,1.26819714168434e-130
"BPIL1|80341",2.22375376328774,5.17491616604118,2.18113725117458e-131,2.57747284905249e-129
"REG3G|130120",2.43894937743076,-0.743533719084858,2.4426803988281e-131,2.86767485776146e-129
"ARG1|383",2.35982467651687,-0.266749456781488,4.24353259539178e-131,4.94950210898878e-129
"SFTA3|253970",3.2643303300176,-2.8660612801732,4.63336862868301e-131,5.36932692312285e-129
"CEACAM20|125931",2.46799765043628,-1.33633609360771,3.30311768855941e-130,3.80324358473744e-128
"HTR3A|3359",2.28081059533141,0.823077005555135,7.26089364258823e-130,8.30701729988343e-128
"SCGB2A1|4246",2.36896856579847,-0.571997355801623,1.25278050042701e-129,1.42420527523227e-127
"LCN15|389812",2.83012292363671,-2.2703817316386,1.33494807473286e-129,1.50807152945608e-127
"NTNG1|22854",-3.3423972650144,-0.25988607917119,3.70460863342992e-129,4.15888626710426e-127
"ABCC8|6833",2.31556017548899,-0.143342069280991,3.73106789326329e-129,4.16257400613634e-127
"KLHL32|114792",2.31641534899526,-0.0167422247187111,1.18995198871583e-128,1.31937763094529e-126
"FAM55D|54827",2.60412537632814,-1.79839089261198,6.57758431909664e-128,7.24825579997631e-126
"MS4A8B|83661",2.20604410614588,2.30566923534112,5.69442705782798e-127,6.23678651296988e-125
"BAAT|570",2.21287062060828,1.82350838760085,5.90272176301533e-127,6.42573868528978e-125
"RBMY1A1|5940",-5.82168153540825,-2.31158362673869,1.53677306051733e-126,1.66286251283206e-124
"FXYD4|53828",2.38004598493884,-0.825931299896863,2.08154813703314e-126,2.23884836152031e-124
"GKN1|56287",-2.7241159983022,4.03643738645316,2.81355402385158e-123,3.00815817716798e-121
"PRAC|84366",3.38223696084615,-3.32720128171189,3.49607656423402e-120,3.71577084300423e-118
"OR4N4|283694",-4.84810846810915,-2.16988426822528,1.51453567901013e-119,1.60024058037529e-117
"IL28A|282616",3.20659232029102,-3.05585458735244,7.82406750604843e-119,8.21847371600245e-117
"RHOXF2B|727940",-2.85954088116325,0.413067767868544,5.79251521690253e-118,6.04913711197693e-116
"LMX1A|4009",2.57873060463239,-2.16662406035387,5.64913988368345e-117,5.8653092827007e-115
"KIF1A|547",2.0948160570423,3.91307513747962,2.23366145384948e-116,2.30580615138186e-114
"KIRREL3|84623",-2.95007335529965,-0.0267046912922562,2.90453230201891e-116,2.98121195479221e-114
"LOR|4014",2.19044146480395,0.410830248073164,4.40109133720819e-116,4.49161378403032e-114
"C1QL2|165257",-3.56732612613175,-1.37751029285994,5.73084618982216e-116,5.81567566449636e-114
"HEPACAM|220296",-3.65164699672572,-1.46365856854552,7.82369265860497e-116,7.89489705246418e-114
"LGALS2|3957",2.08664152190071,3.01012330431738,1.56609450228497e-114,1.57151896368953e-112
"NPPC|4880",-3.1396098812915,-0.772457358549923,3.45728758832086e-113,3.44998887007885e-111
"MCF2|4168",-3.20291619637744,-0.998603547661328,6.0313962787436e-113,5.9854110474471e-111
"SPRR2G|6706",2.05905317802145,4.3647044923442,1.97238571118405e-112,1.94659297496088e-110
"NCRNA00200|399706",-4.73622165861953,-2.27123989969495,4.58377986843847e-112,4.49911770474819e-110
"ACTA1|58",-3.04964749187628,-0.463976931539203,5.41305538661978e-112,5.28420113339481e-110
"ASB5|140458",-2.82944456814025,0.676408238795404,5.52961661516314e-112,5.36880938603029e-110
"TSPYL6|388951",-2.89944804622459,-0.228418960021948,1.22467183781155e-111,1.18266427692317e-109
"DMBT1|1755",2.0460176875822,9.4861794291052,1.29378198606759e-111,1.24272256864952e-109
"TFF2|7032",2.04168159466193,5.94699209508778,5.39643668779718e-111,5.15589339288367e-109
"GAGE2A|729447",-2.93807081625349,-0.585070516310292,7.95815980745374e-111,7.56319928367641e-109
"CACNA1A|773",2.05077431190247,2.49685545594759,3.3563339358213e-110,3.17297211343275e-108
"NOBOX|135935",-5.8478683555523,-2.60988535874614,1.27867481660406e-109,1.20248989821163e-107
"C8orf85|441376",-2.89038080156427,0.00550988186386839,1.49507249322872e-109,1.39867146475908e-107
"CD177|57126",2.02939512862035,4.38387290055449,2.90204734603333e-109,2.70085877872802e-107
"UGT2A3|79799",2.03051881557251,2.82653264658,1.21222059033135e-108,1.12236630121298e-106
"LBP|3929",-2.50133433619272,1.86167496434773,2.61321010220596e-108,2.40710153106787e-106
"INHBE|83729",-2.57300314860203,0.834547506529881,4.53084970409409e-107,4.15220012168051e-105
"SSX5|6758",-4.51092801321158,-2.35252794547377,7.66319928738498e-107,6.98712617258929e-105
"GAGE12J|729396",-3.29633964218515,-0.968116205798363,8.3113696536617e-107,7.53983948076119e-105
"IGDCC3|9543",2.41189269096181,-1.89712052158734,1.01841564195535e-106,9.19235264361912e-105
"AHSG|197",-2.47509062362261,1.18505514046378,2.65832592255891e-106,2.38744251105015e-104
"SEMA3E|9723",2.00137085349646,3.02679960538658,2.17750850095445e-105,1.94589093005691e-103
"FLG2|388698",2.04480271205922,0.937089778591295,3.49313688980008e-105,3.10612499082124e-103
"LHX8|431707",2.04964416197384,0.582263305235007,4.94143720413068e-105,4.37231995372391e-103
"KRT27|342574",2.14282925356785,-0.756913017127036,6.15532732958336e-104,5.41970536735178e-102
"CCL21|6366",-2.4458235722188,5.3484793143493,1.51923345315296e-103,1.33114494075773e-101
"IGFL3|388555",-2.54187929991562,0.680911713567561,3.29167455571209e-103,2.87014846454857e-101
"KRT79|338785",-2.5536068510735,0.830844913611304,5.68795805914148e-103,4.93560882407243e-101
"NBLA00301|79804",-2.67369490956553,0.182341811059938,7.4995226128416e-103,6.47627044095485e-101
"RELN|5649",-2.52612321586167,1.10340236588689,8.66484867359896e-103,7.44679482656386e-101
"GAGE12D|100132399",-2.43755713648377,3.04514786028628,1.68197703980459e-102,1.4386510280462e-100
"LRRC55|219527",-2.44610886306805,2.70054581940261,2.39950985095616e-102,2.04265383615519e-100
"C1orf173|127254",2.12653709857421,-0.800701238879332,3.50797976281547e-102,2.97218549526846e-100
"TNNT3|7140",-2.8582353950992,-0.371266782002908,5.8819788211437e-102,4.96019265659076e-100
"LOC116437|116437",2.31469131852696,-2.2019786657736,2.01392810157321e-101,1.6903820822644e-99
"GRIA2|2891",2.24468639050537,-1.65136289053685,3.29434846930177e-101,2.75223661421388e-99
"ATCAY|85300",-3.02872762523602,-1.04929806307609,7.3125897208386e-101,6.08096002618995e-99
"CPS1|1373",1.94654121601678,6.37186326228889,7.39010278198014e-101,6.11709798018098e-99
"PTCHD2|57540",2.04571262794757,-0.282715764026937,1.47926604686582e-100,1.21883379512862e-98
"TAAR1|134864",2.17994543815997,-1.37342405462859,2.11708903191208e-100,1.73639968909611e-98
"SLC4A10|57282",2.3019862487255,-1.80863860892147,4.04796105666769e-100,3.30497620453932e-98
"FABP1|2168",1.93805687135224,3.86505397840986,2.8482562827689e-99,2.31494929190475e-97
"KCNA1|3736",-3.39012295950905,-1.72328184166729,5.51885378518748e-99,4.46529962565484e-97
"FAM181A|90050",-2.87134067589686,-0.804719308532294,1.45109966924239e-97,1.16881848694761e-95
"SLC1A6|6511",-2.74366912396755,-0.605475397377025,5.5365733798155e-97,4.43963977893955e-95
"SLC22A11|55867",2.12405420695971,-1.14092813686457,8.71218836524686e-97,6.95503677406951e-95
"ATP4B|496",-2.38303911756985,1.60751128111024,1.65864986762018e-96,1.31825968682272e-94
"RBM46|166863",-2.9317357681811,-1.03956725788047,2.33074665515741e-96,1.84426746343337e-94
"PCSK1|5122",1.91326325994654,3.03390997616318,2.46296168064525e-96,1.94033849595395e-94
"TKTL1|8277",-2.36088221873409,2.17155775620902,4.92376430927096e-96,3.8620373154203e-94
"CASP14|23581",1.90166266258542,3.02568781630384,3.91515358093033e-95,3.05756472263785e-93
"GPM6A|2823",-2.3536261438857,1.88663972595744,4.63156945443332e-95,3.60139612729573e-93
"CDH22|64405",-2.37297267275971,1.49781790876082,7.44166323369889e-94,5.7615153018836e-92
"KRT81|3887",-2.36465988293045,2.7663129284129,1.02564713539128e-93,7.90672697248848e-92
"LCE3D|84648",1.87703905271855,4.39379495486612,2.82819250301414e-93,2.17093990338205e-91
"NGFR|4804",-2.29343746480764,5.26906596961337,4.2535594644031e-93,3.25116745104717e-91
"C2CD4B|388125",1.87678742804807,3.47804572275804,6.77835866550268e-93,5.15902026905759e-91
"JPH4|84502",-2.53903257172961,0.00439016802067508,1.84828519606299e-92,1.4007974131512e-90
"PAGE4|9506",2.22977484167221,-2.13697349418831,7.24651686004506e-91,5.46898890084577e-89
"KIR3DL2|3812",-3.21550766531751,-1.72597994545183,1.19602532023192e-90,8.98870577489779e-89
"MUC12|10071",1.84730116494298,4.47271725156388,1.5187087052788e-90,1.13662690684241e-88
"THPO|7066",2.00450212886805,-0.885341086998098,1.57338080308095e-90,1.17265833962407e-88
"PHOX2A|401",-3.86917136481989,-2.42873642001384,2.13912783226216e-90,1.58772785632615e-88
"FOXI3|344167",-2.5102918372601,-0.229322592573417,3.79606583127426e-90,2.80596438112544e-88
"TFAP2B|7021",-2.74794738834345,-0.731562546769494,6.60982308720133e-90,4.86580501197993e-88
"KIRREL2|84063",1.91199054503303,0.150548483376614,7.02747230945737e-90,5.15214112744789e-88
"LRFN2|57497",2.08763497137475,-1.29364095777095,9.15214717289939e-90,6.68255559022841e-88
"PAGE5|90737",1.91927410186985,-0.217723083546824,1.11347183810296e-89,8.09723933441516e-88
"C3P1|388503",1.92569039160616,0.0558573651044101,2.24922360706621e-89,1.62905461411787e-87
"ZP4|57829",-3.10106904954037,-1.55690517562528,2.54828438424848e-89,1.8382443417619e-87
"DLK1|8788",-3.88350010404983,-2.2663312672325,1.02953735526347e-88,7.39701999009701e-87
"CDH4|1002",-2.32835247638907,0.480066050184507,1.67266786125695e-88,1.19699044318316e-86
"L1TD1|54596",-2.49314155055521,-0.361029325010457,3.7889316462569e-88,2.70066627897089e-86
"ADIPOQ|9370",-4.08914229349275,-2.55662591334661,4.84293870600391e-88,3.43829506076056e-86
"LOC389332|389332",1.87138397833718,0.831853229094604,7.55289475078357e-88,5.34114549266041e-86
"DSC1|1823",1.82339370473955,3.59221990377091,1.05359609005037e-87,7.42144822332734e-86
"GAGE2D|729408",-2.2223925189121,2.54816104183279,1.87818713523968e-87,1.31781239543653e-85
"CCKAR|886",-2.97713768226706,-1.55942209206303,2.11691639697906e-87,1.47953510982638e-85
"SLC2A2|6514",-2.23839670829482,1.09866957174606,2.51102027670618e-87,1.74817620969753e-85
"SLC18A3|6572",-2.29064876968304,0.374182462763292,2.59894280529621e-87,1.80240195632165e-85
"KRT77|374454",-2.4383385365875,-0.0283257818584495,1.21143769915933e-86,8.3691707508846e-85
"OR51E1|143503",1.83472500006013,1.36049988428315,3.16834156335828e-86,2.18045023605523e-84
"PAGE1|8712",2.35834002940543,-2.76123046866462,5.78558760653746e-86,3.96643986979488e-84
"TUBA3E|112714",-2.61677558221034,-1.04871834412772,6.37389321130253e-86,4.35315094530099e-84
"RANBP3L|202151",-2.82801132965198,-1.47860918795063,2.54380662091747e-85,1.73075206533786e-83
"TNNC1|7134",1.83931235488884,0.67048484646695,7.71685936548256e-85,5.23057463859614e-83
"ALX4|60529",-2.46124803868456,-0.449501776645386,1.68431507682306e-84,1.13735591766526e-82
"VSTM2B|342865",3.04441796462788,-3.58460131130768,2.02524577656777e-84,1.36245185912772e-82
"KCNQ2|3785",1.95118807863842,-0.888816736255205,2.58191022647544e-84,1.73045789134149e-82
"AIRE|326",-2.77045065994611,-1.40243709700388,2.86562364196353e-84,1.91346958576018e-82
"SPINK6|404203",1.81047861408506,1.88943965149605,5.84894866337302e-84,3.89106725524097e-82
"NECAB2|54550",-2.39233538187716,-0.138207821164747,1.21575135240845e-83,8.05805379777144e-82
"KCNC2|3747",2.6390022830254,-3.12337189952315,3.59512178916513e-83,2.37410211680088e-81
"ST6GAL2|84620",-2.15622267171225,2.57052861399552,6.32527153408739e-83,4.16170429653032e-81
"LRAT|9227",-2.13593371722071,3.37364778714184,4.74163765530418e-82,3.10836845126181e-80
"KCNJ3|3760",1.7885955600816,1.39704952601782,7.82302920205595e-82,5.10971820099378e-80
"KIAA1751|85452",-2.16156027709601,1.20333816184243,8.22928102376322e-82,5.35559223727663e-80
"PRMT8|56341",-3.11019727305488,-2.09555479137699,2.32230051939388e-81,1.50589032235931e-79
"CALB1|793",-2.11356489201503,4.58869260250354,4.69942247190722e-81,3.03636785756826e-79
"HAND2|9464",-2.16797042649595,1.0608096842788,9.972909655587e-81,6.42055208722773e-79
"CHIT1|1118",-2.11098326744911,3.59782394153497,1.21836962846921e-80,7.81584116662997e-79
"DNAH11|8701",-2.14110965010133,1.30342355965607,1.23919659638531e-80,7.9211563218053e-79
"GABBR2|9568",1.83736006885687,-0.195796717287523,2.26947658965435e-80,1.44554391855927e-78
"SHISA9|729993",-2.19788145531204,0.561435097062069,2.79173169999007e-80,1.77191112350606e-78
"ENAM|10117",1.92252362459662,-1.06327082772232,3.42584363735394e-80,2.16672547232928e-78
"ZG16|653808",2.06633640136919,-2.00034646740922,5.89173374337863e-80,3.71323935082691e-78
"SPSB4|92369",-2.21502830929008,0.387174261035539,7.25139913969587e-80,4.55418291423836e-78
"C13orf36|400120",-3.01070178226249,-1.89907241026575,8.96961754169572e-80,5.6136679541442e-78
"LGALS14|56891",2.53648316550455,-3.44869085705129,1.48492342387215e-79,9.26117865958039e-78
"C2CD4A|145741",1.73352792675928,4.11236219068365,1.87176604662921e-79,1.16334469652435e-77
"TREML3|340206",-2.31732764675797,-0.15181445812554,2.65389935385208e-79,1.64377035151349e-77
"NETO1|81832",-2.35403317396956,-0.312152404235183,3.82031825891821e-79,2.35809472737762e-77
"SERPINA10|51156",1.78600557112456,0.335882218875532,4.47166626324299e-79,2.7506873089168e-77
"EPYC|1833",-2.24364190317737,0.146784752620219,6.28638756613953e-79,3.85379158576786e-77
"LUZP4|51213",-3.72345576142818,-2.62345716379695,8.02202849485004e-79,4.90107740899647e-77
"STMN4|81551",2.33581382755965,-2.66984494504427,1.26760599810612e-78,7.71821658914647e-77
"PF4|5196",1.84709097957028,-0.359369025804021,1.40072361926135e-78,8.49993163823391e-77
"CNKSR2|22866",-2.33998011997205,-0.605031788065219,1.56628352258914e-78,9.47258741843305e-77
"HGF|3082",1.7347685707289,2.32739610287798,2.19534145724629e-78,1.32324574681402e-76
"PDZRN4|29951",-2.18054887147969,0.422833601245839,2.20538293083023e-78,1.32485244828002e-76
"INSRR|3645",2.25736257611103,-2.48263778119742,3.46216630814154e-78,2.07291437422794e-76
"UNC5A|90249",1.7544022063133,1.17675200308951,2.60652236844106e-77,1.55542706916739e-75
"CALN1|83698",-2.26293665266114,0.194840982280547,4.44221810064864e-77,2.64209011668381e-75
"CPA5|93979",2.11195951274494,-2.05291970307168,4.91276929927662e-77,2.91231558262728e-75
"LIX1|167410",1.82925349292232,-0.857950385580844,9.45173957606441e-77,5.58461007451542e-75
"SPINK1|6690",1.69835699536331,6.37659365742115,1.34848104754455e-76,7.94144805770332e-75
"IFNK|56832",-2.71907899985551,-1.5813515641264,1.66479011032886e-76,9.77220913781929e-75
"TEX11|56159",-2.27090665401593,-0.33413864418928,2.01994613633909e-76,1.18183298048608e-74
"PCDH11X|27328",-2.65447466181143,-1.62496859680369,5.7742352962251e-76,3.36742903866218e-74
"RAB3C|115827",1.87077246580609,-1.02736257812247,7.46378846281071e-76,4.33865917051799e-74
"FOLH1|2346",1.69603027528568,2.66690594622412,2.13637345799573e-75,1.23785613072643e-73
"C4orf40|401137",-2.68807923383324,-1.51932734774477,2.25473229720551e-75,1.30094909421463e-73
"EPO|2056",-2.47933304609988,-1.03004097488147,2.25974901121793e-75,1.30094909421463e-73
"C20orf56|140828",1.68770550152292,4.16834012610995,2.97036029217862e-75,1.70458822901317e-73
"IFLTD1|160492",-2.75897806817099,-1.77104009581408,6.74438792431783e-75,3.85804764001901e-73
"OPRK1|4986",-2.18300915389606,-0.0590589164766754,1.56774900975375e-74,8.93965324228472e-73
"C16orf89|146556",-2.11373074396431,0.779441761400861,2.20807756244665e-74,1.25511041698312e-72
"FAM71E2|284418",-2.27544711413825,-0.69507673502702,3.99616669051275e-74,2.26432637523628e-72
"C2orf82|389084",-2.06420181217859,0.618818720064376,5.43159874136782e-74,3.06799926391348e-72
"COL19A1|1310",-2.29478621901514,-0.666093680966831,6.8212042371002e-74,3.84082979645122e-72
"NR0B1|190",-2.07817065210146,0.722786749640458,1.27038528870096e-73,7.13083142363959e-72
"TNN|63923",1.7172363241197,0.588397521351221,1.3836275607909e-73,7.74227982770286e-72
"CYP2A6|1548",1.79161904953867,-0.941148148867646,2.20715278260413e-73,1.23120740003526e-71
"C6orf58|352999",-2.02493124206237,2.59429623273293,2.21881694721799e-73,1.23388204352723e-71
"MACROD2|140733",1.67453779690732,2.4397065860264,5.2444206195204e-73,2.9074161471551e-71
"VIP|7432",-2.39459340880365,-1.12302196182852,8.54130603911219e-73,4.72058274075487e-71
"BAI1|575",-1.99756571104743,3.16405491118758,9.42426368394355e-73,5.19259583714705e-71
"SPINK4|27290",1.66555825275346,3.23743848709876,1.17693061195021e-72,6.4648402605045e-71
"PRH2|5555",1.81583631373248,-0.340549979764832,1.24878645895688e-72,6.83536057478474e-71
"NKX6-2|84504",2.09270160274916,-2.20512396211037,1.25199511697148e-72,6.83536057478474e-71
"C6orf142|90523",1.71725617754125,0.452891183951084,1.34168204574442e-72,7.30281603201858e-71
"SYN3|8224",1.73641424573065,-0.461984540735332,1.72084819695923e-72,9.33833091050804e-71
"GIF|2694",-1.98368496595339,2.96834650798398,2.11853078683574e-72,1.14617620461276e-70
"CYP3A7|1551",-2.14472559037983,-0.104141190706419,2.18753324526041e-72,1.17995411865968e-70
"PTX4|390667",-2.7716664874451,-2.01297791285596,2.54442144373675e-72,1.36835023869459e-70
"XKR7|343702",2.10999886459157,-2.49131677601764,3.15877718888913e-72,1.69367032438288e-70
"NCRNA00162|378825",-2.24257854292402,-0.677063553438718,1.35536906478193e-71,7.24557712548008e-70
"DPPA4|55211",-2.88778001936549,-2.19261708026285,1.82401551574954e-71,9.72194857385555e-70
"CD5L|922",2.33944674290491,-2.94632485942974,2.62231891071318e-71,1.39355302586479e-69
"ADH4|127",1.68647037494639,0.501806642525041,8.22402006893748e-71,4.35751765422581e-69
"CYP17A1|1586",1.67308287273707,0.480183784107481,1.49109217267188e-70,7.87735223692128e-69
"TRIM50|135892",-2.23884352847266,-0.754008976522388,2.08925800112807e-70,1.10050593009567e-68
"XAGE1D|9503",-2.08626257154762,-0.060399546487775,5.84408958944477e-70,3.0693431931464e-68
"GFRA1|2674",-1.94285508926953,3.82605126630178,7.63713559439651e-70,3.99936529290233e-68
"SEMG2|6407",2.08485634631359,-2.37166252196878,1.18631058153838e-69,6.19433449581173e-68
"GCK|2645",1.83240425262631,-1.42788184420638,1.361663146094e-69,7.0893314290262e-68
"LOXL4|84171",-1.92665558923233,4.2278536697285,3.20708838932986e-69,1.66490524997523e-67
"RBP4|5950",1.6188276477007,3.88217607302213,3.76372719263995e-69,1.948244029804e-67
"IL17A|3605",1.91730073645452,-1.84689771652463,3.79709259121031e-69,1.95986715871608e-67
"SLC13A2|9058",1.6340857910871,2.06134193067198,3.88218800466163e-69,1.99804759139634e-67
"SALL3|27164",-2.18652162858969,-0.388742874087172,3.96619117761353e-69,2.03544931235126e-67
"NR0B2|8431",1.61931799004567,2.97232661599504,9.46365686450595e-69,4.8429118119731e-67
"ST8SIA3|51046",-2.20371735988087,-0.856574950950792,1.09734929248264e-68,5.5995988612424e-67
"MAPK4|5596",-1.94574568225825,1.84267720465259,1.20721167798635e-68,6.14275811897759e-67
"COCH|1690",1.60777296713786,4.35125841101112,2.52677288704947e-68,1.28208741799951e-66
"TM4SF4|7104",1.60812898162338,4.17371461632687,3.42447789859363e-68,1.73268935252222e-66
"SLITRK1|114798",1.72729413354513,-1.07051913657046,4.80393870757794e-68,2.42382997375042e-66
"CRISP2|7180",1.95593290567156,-1.96003139213354,5.0805674554041e-68,2.55622276285626e-66
"PNLIPRP3|119548",1.61582527806066,2.28590722240243,1.02107774643943e-67,5.12307220154889e-66
"AKR1D1|6718",1.75569724145928,-1.48869822176795,1.10727330689457e-67,5.54006772658506e-66
"SYP|6855",1.63137896732849,1.2714456161693,1.15537148584409e-67,5.76466184131434e-66
"OPCML|4978",1.76125182237125,-1.09801910480935,1.36957944355051e-67,6.81451134766046e-66
"FFAR2|2867",1.62642944083258,1.30397177144726,2.48876561391754e-67,1.2348952474361e-65
"TPTE|7179",-1.96000024901567,-0.157417425493596,3.76893682567335e-67,1.86494885021335e-65
"HPSE2|60495",-2.02540651163548,0.578593937921032,3.92029057067965e-67,1.93451261622384e-65
"LOC100133469|100133469",-2.06449171207848,-0.515793754475222,5.97805181627331e-67,2.94185662257263e-65
"CNTN5|53942",-2.06742662562119,-0.276539759977031,7.376289808626e-67,3.62002506946831e-65
"PLUNC|51297",-2.7223519275654,-2.10255827498334,1.1283936741442e-66,5.52267225476241e-65
"CLDN6|9074",1.59079572018917,2.57517406617859,1.72512196594953e-66,8.42028281314824e-65
"KREMEN2|79412",-1.8832573215325,3.79528233555858,2.32088641569313e-66,1.12974964224065e-64
"RNF182|221687",-1.91350624610945,0.909325466265289,2.6504211810732e-66,1.2866720339037e-64
"NRSN1|140767",2.17675459627146,-2.82807932458877,4.71201100048531e-66,2.28132457117836e-64
"PLA2G2D|26279",-1.9012449591386,1.84342244169041,4.80957274918648e-66,2.32229961615289e-64
"C5orf52|100190949",2.26565397841573,-3.06253229400332,4.9107525052e-66,2.36479722515824e-64
"GAGE13|645051",-2.76081772412673,-1.80943163348923,5.06041534658672e-66,2.43035241859333e-64
"DCDC2|51473",1.58629251335459,2.83137899615685,6.02633771054013e-66,2.88653541217925e-64
"DSCAML1|57453",1.63850041277256,0.287113983259105,1.54499771461208e-65,7.38065131645273e-64
"SFRP1|6422",-1.8610381016404,5.3186494274386,2.28143077832783e-65,1.08697770929243e-63
"INHA|3623",-1.90597452500355,0.988591831185699,2.49200297023022e-65,1.18416289289088e-63
"HPX|3263",-1.93331065784925,0.379729620973963,4.54891743055038e-65,2.15587479914369e-63
"OTX2|5015",-2.09388836581847,-1.20063486784263,4.5795280258886e-65,2.16467058950029e-63
"PNCK|139728",-1.88909119702616,2.03155690705763,8.20143840870686e-65,3.86651539887645e-63
"B4GALNT2|124872",1.61894108751561,0.134583328132989,1.46547190475001e-64,6.89078700343446e-63
"TRIM63|84676",2.06590840464833,-2.45482664931026,1.58161180715031e-64,7.41747030810283e-63
"AMBP|259",-1.85758129250305,2.09055890670017,1.91617111038321e-64,8.96308996997481e-63
"GKN2|200504",-1.86761131887378,1.95616641068775,2.02918935767253e-64,9.4670907123413e-63
"CYP2E1|1571",1.567482073127,3.08227792643736,2.62292192316229e-64,1.22054206175754e-62
"NLRP10|338322",-2.04477226148202,-0.100860411666575,3.79681644618261e-64,1.76223299757964e-62
"ATP12A|479",1.5583420171592,3.33222802225568,6.38915888480802e-64,2.9577853579619e-62
"C1orf187|374946",-2.14285556009182,-0.811140277639868,6.92416174349455e-64,3.19721833513237e-62
"KRTAP5-5|439915",1.93732024974176,-1.84536682131311,1.33607105588393e-63,6.15346366815057e-62
"LAMB4|22798",-2.03381911730814,0.00808896655027252,1.43078883481213e-63,6.57284630457687e-62
"CLDN22|53842",2.51972534770522,-3.38039372496471,1.79418857916939e-63,8.22122838240831e-62
"MUC2|4583",1.54581291340583,7.60685432597876,1.98196791443044e-63,9.05855157226453e-62
"MGC4473|79100",-2.61477018646716,-2.1691045570519,2.22954660192203e-63,1.01642426557674e-61
"C4orf7|260436",-1.83111508275403,4.75535281008075,3.32828219025234e-63,1.51348366332437e-61
"CHST5|23563",1.55007434876873,3.51956286803476,3.9073319166279e-63,1.7723105021836e-61
"KCNV1|27012",1.6892079818912,-1.01023784009972,5.05295277820911e-63,2.28617475572272e-61
"SYNM|23336",-1.81843308829385,7.06607977677323,5.31211106564014e-63,2.39739042615649e-61
"MYH11|4629",-1.81483671346315,10.1201199166257,7.37322759968441e-63,3.31924596855968e-61
"MEP1B|4225",1.73487304222199,-1.28133957517791,1.00965787403596e-62,4.5338686833585e-61
"CCK|885",1.59936876205895,0.404761028440261,1.4123761628703e-62,6.32645901183946e-61
"LGR6|59352",-1.81390267598855,4.58775672724834,1.44842785537024e-62,6.47180625327368e-61
"ARX|170302",1.62871742853608,-0.230248233137368,1.536832734129e-62,6.84977408695411e-61
"HAPLN1|1404",1.54281216478861,2.33353048215935,7.13094166602225e-62,3.17044490606662e-60
"TM4SF5|9032",1.53049249927508,3.34853513450758,1.49556280275733e-61,6.6329133489203e-60
"SLC28A2|9153",1.54708660912278,1.80522033371245,2.29985935114326e-61,1.01748949914373e-59
"NPTX2|4885",-1.80755557690196,2.63162409935095,2.50830376302056e-61,1.10692325896276e-59
"SEMG1|6406",1.58124625935605,0.220029825820098,2.5143340922882e-61,1.10692325896276e-59
"S100A12|6283",1.52199077264812,4.7023115035951,3.08486088727489e-61,1.35477435836752e-59
"CRTAC1|55118",-1.86456822780652,1.11733871264284,3.47041644794909e-61,1.52038098141613e-59
"TRPM6|140803",1.53735290070083,1.67224536848129,4.31180327915648e-61,1.88439441606347e-59
"GABRA2|2555",1.56133529085575,0.896572984401988,5.59616116235103e-61,2.43976327179974e-59
"LOC145837|145837",1.57679359145271,0.631754108171122,5.87539854660884e-61,2.55530045264378e-59
"MAP3K15|389840",1.78133163287546,-2.07476999299744,7.50267377450514e-61,3.25514556371163e-59
"CDH18|1016",1.61575437362425,-0.307207557169568,7.62074548025214e-61,3.2984055497901e-59
"UNC80|285175",1.60530773073301,-0.377911246594015,1.28663211188587e-60,5.55540528694569e-59
"C11orf87|399947",-1.79990929246093,2.04068453070282,2.05738586886977e-60,8.86205395123234e-59
"PCDH9|5101",-1.82520574014873,0.820915535589562,2.70690821421687e-60,1.16319342927664e-58
"SCN1A|6323",-2.80884950244495,-2.51367449239786,2.92866768339741e-60,1.25548279067265e-58
"FAM132A|388581",-1.79747019017318,2.08301830881657,3.23824728433786e-60,1.38489042193516e-58
"SLC45A2|51151",1.8904750194721,-2.40843469764476,4.15921342215241e-60,1.7745318643397e-58
"NKX2-2|4821",1.54628849532485,1.18028952793937,4.2183972047404e-60,1.79551778652955e-58
"FAM101A|144347",1.50614195066453,5.15010995818862,4.40560025799021e-60,1.87076576439764e-58
"APOBEC2|10930",1.61242650968087,-0.433668914348317,9.74618034824676e-60,4.12879460884925e-58
"DDX4|54514",-2.91142212544053,-2.65377060677328,1.43211403572596e-59,6.05261936699053e-58
"PCDHA13|56136",1.59287290132843,-0.597254488186585,2.15839982358647e-59,9.10074592283103e-58
"NPFFR2|10886",-1.87361698880392,-0.117774054246914,4.10744532647551e-59,1.72782044389117e-57
"ASTN1|460",-1.92587603111249,-0.446185111396701,5.206253271677e-59,2.1849233940622e-57
"KRT25|147183",2.64482709671845,-3.62956158493452,1.0382274509469e-58,4.33689336602518e-57
"NRK|203447",-1.78365422878346,1.09835762499751,1.16142441917314e-58,4.84025647730579e-57
"POU3F3|5455",1.9622301733538,-2.66661303495176,1.26591334269378e-58,5.26350357904299e-57
"PAPL|390928",1.50575345119333,1.73496584810236,1.94025665361515e-58,8.03015898899431e-57
"XKR4|114786",-2.28393202074637,-1.63868951240107,2.10357155280361e-58,8.68605798424333e-57
"ATP1A2|477",-1.78427816420313,2.4116420546948,2.32393526615338e-58,9.57397368134107e-57
"STAB2|55576",-2.05115069637073,-0.989649666370059,2.82626694987064e-58,1.16167979298802e-56
"CNTN2|6900",-2.01203648967226,-0.756144404334277,2.96506270651782e-58,1.21594649165464e-56
"DACH2|117154",1.82586374581319,-2.09664411483328,3.63174355782991e-58,1.48595393589387e-56
"KEL|3792",-1.82415656037999,0.288552172588749,5.70563730735369e-58,2.32391513185231e-56
"UGT1A8|54576",1.62128804987901,-1.06517704744056,9.24069381774894e-58,3.7552339899187e-56
"ITLN2|142683",1.57957871259733,-0.647686722362375,1.28365022478324e-57,5.20472355249583e-56
"RALYL|138046",1.82234496677268,-1.54815010620946,1.4488973614689e-57,5.86150774925773e-56
"APOA4|337",-1.72257022958574,2.52513100320938,3.81841690611211e-57,1.54126751612552e-55
"TMEM155|132332",-1.96753538749084,-0.707513944398416,1.06851032232524e-56,4.29364259722728e-55
"GRIN2C|2905",1.51272465317785,0.459178116509346,1.70960084092733e-56,6.83916487856053e-55
"PI16|221476",-1.76173651234595,1.95323372889934,2.55169161435227e-56,1.01852188393323e-54
"HEPN1|641654",-2.81271595279019,-2.72225705961284,5.51547091192495e-56,2.18695118145687e-54
"OLAH|55301",1.68927084934474,-1.56353069922159,6.04465245107813e-56,2.39149883978558e-54
"KIAA0408|9729",-2.00133070919798,-0.475685409229424,6.23312938358062e-56,2.46064769204121e-54
"RNF165|494470",-1.72328732536584,1.95594648919356,6.64863451992997e-56,2.61892046594259e-54
"RPS6KA6|27330",-1.84775361516628,-0.439830385171544,7.51147637835188e-56,2.95232251002093e-54
"COL25A1|84570",-2.12106046794515,-1.64108063223237,1.3563456756337e-55,5.3193626693739e-54
"DPP6|1804",-2.10318408199212,-1.27668156556556,3.93993107828524e-55,1.53512021753057e-53
"TRPM1|4308",-2.41302688070336,-2.18685027271625,4.64382796957874e-55,1.80546402574834e-53
"ATOH1|474",1.51964299338617,0.0831743599517388,4.6993729874049e-55,1.82311312310511e-53
"NRXN1|9378",-1.74295241656159,0.867060089003741,4.8197488824335e-55,1.86578296177307e-53
"CCKBR|887",1.57664632759495,-0.4761362257351,6.53661370430077e-55,2.51954196044314e-53
"PTPRD|5789",-1.67971667014082,3.58503080245542,1.44946196587004e-54,5.56308457926445e-53
"C9|735",-2.00165107548345,-1.24541112492581,1.97452742659582e-54,7.56214533827594e-53
"ASGR2|433",-1.74117045520849,0.155497489972748,2.45045101178939e-54,9.36489384548106e-53
"C17orf77|146723",1.50756269303004,0.0489687116626144,3.41463376416273e-54,1.3022006724393e-52
"C6orf15|29113",-1.67552858813773,3.26492642404663,3.58766270142928e-54,1.36528808142103e-52
"VCX2|51480",-2.5478508568932,-2.52465148273587,3.75448275179094e-54,1.42575093420019e-52
"MYBPH|4608",-2.78265419447414,-2.69567930305575,4.26381406707453e-54,1.61575165132474e-52
"EMID2|136227",1.5056396085659,-0.117484069245638,5.20270088489127e-54,1.96325448097515e-52
"CILP|8483",-1.67445630660514,3.32529337577131,6.63942524394699e-54,2.50015421869551e-52
"RXFP1|59350",-1.76457951814655,0.00730381483159848,8.11973328784018e-54,3.05118513213777e-52
"LECT1|11061",1.99136724961124,-2.93011828365076,1.49495809148566e-53,5.60593679316605e-52
"CBLN1|869",1.87052985058698,-2.49606911816243,1.68133210825824e-53,6.29168486011135e-52
"ZNF560|147741",-2.52963246253919,-2.49786409339309,1.68642608386214e-53,6.29762688530805e-52
"C7|730",-1.65790078237234,4.44003213743322,1.91747706938939e-53,7.14558570962078e-52
"SLC22A1|6580",1.5177706141817,-0.256236353538939,2.06336160512058e-53,7.67331286773826e-52
"LEMD1|93273",-1.70659027082846,0.95288136933614,3.4261488198591e-53,1.26626512556192e-51
"GYS2|2998",-1.81856961029928,0.521287281054238,4.03451807046079e-53,1.48804956019747e-51
"VCX3B|425054",1.60509283095349,-1.93889080859161,7.45310324872104e-53,2.74329181462146e-51
"GSTM1|2944",-1.64178524074757,5.17499115825199,1.07322899753955e-52,3.93415086812355e-51
"C1orf230|284485",2.03044386226637,-2.92828411631378,1.08451910251272e-52,3.96744035016975e-51
"GAGE2C|2574",-1.79889124799957,-0.850419721219276,1.09299852380493e-52,3.990333228574e-51
"ATP8A2|51761",-1.71050808197096,0.0347989638070066,7.28410009549581e-52,2.64852238694931e-50
"LOC727924|727924",-4.64395704242313,-3.6261199608133,8.13130625621536e-52,2.95059642372e-50
"CCDC108|255101",1.51926862404968,-0.6444381972536,1.17043043758636e-51,4.23856280643674e-50
"KRT4|3851",-1.61957953762505,10.5952953506397,1.18467594999835e-51,4.2815189967546e-50
"PLD5|200150",-2.17072310982834,-1.77922527853806,1.38436251841679e-51,4.98315021158365e-50
"HULC|728655",-2.16341368409132,-2.04103209816301,1.45609600400845e-51,5.23087928479995e-50
"CXorf49B|100132994",-1.68859193933945,0.453287794850443,2.14901974182904e-51,7.68938099656039e-50
"MGAT4C|25834",-2.04942740099568,-1.6178817738914,3.31917896846128e-51,1.18527023124257e-49
"GADL1|339896",-2.26174348488109,-2.12719940805498,3.61452254152808e-51,1.28817567243903e-49
"SLC6A18|348932",2.37239907022017,-3.51292233293696,4.31388273821996e-51,1.53437548007736e-49
"SCN9A|6335",-1.61349058038652,4.18834818507261,4.36301555360329e-51,1.54878429592534e-49
"MAB21L2|10586",1.54034872503747,-1.10415443336184,1.17052599988153e-50,4.13064597443458e-49
"PADI4|23569",1.68037584868795,-2.03791388726718,1.93309935599473e-50,6.78170520163621e-49
"SPP1|6696",-1.59367414892894,8.1519679082558,3.22996662422895e-50,1.13092905466667e-48
"FAM129C|199786",-1.73101144541633,-0.205528819017993,3.5141116020359e-50,1.22802475867254e-48
"CACNA1E|777",-1.66453552519089,0.430633234841307,3.72858443609697e-50,1.30044337167328e-48
"KHDC1L|100129128",-1.68020215788609,0.607272949240907,4.21993372542156e-50,1.4689622010857e-48
"KCNA10|3744",1.85259382258314,-2.8489046441388,4.8682994362086e-50,1.69138093758566e-48
"ELAVL3|1995",1.74709400910439,-2.28613837150845,8.43790446125927e-50,2.92026281181385e-48
"LDHAL6A|160287",1.64187877711194,-1.90154888389149,8.66226051230563e-50,2.99214467926988e-48
"ANKRD26P1|124149",-1.94554122986592,-1.59199866744935,1.3768717702159e-49,4.73781048594214e-48
"GLP1R|2740",1.56672484221784,-1.54842684815904,2.6076182645687e-49,8.9215312891777e-48
"SORCS1|114815",-1.7729385983315,-0.429245008007612,2.786079736469e-49,9.5139855943833e-48
"ALDH3A1|218",-1.57157940832306,8.593909010836,5.0761604974816e-49,1.72685596317736e-47
"ANKRD34B|340120",-1.75180272884172,-0.550174126652869,5.47099411183472e-49,1.85765588349292e-47
"KRT86|3892",-1.67149152328599,0.0886018024997872,5.88994908057193e-49,1.99237787919459e-47
"CCDC144NL|339184",-1.80453207413944,-0.863646556465104,9.23118217734238e-49,3.11673861408691e-47
"GAL3ST3|89792",-2.50363147446349,-2.61749681671232,1.70060351880911e-48,5.72026973873582e-47
"TDRD12|91646",-1.78965040356214,-0.879030785077014,1.72245273042128e-48,5.78293382127608e-47
"LOC285780|285780",-2.63708510876664,-2.7781500558276,3.35931970119832e-48,1.12365177789431e-46
"CRISP3|10321",-1.57119019328158,4.36306915312998,3.70118219775378e-48,1.23569952855118e-46
"CHRDL1|91851",-1.56500538064265,3.62139460506067,4.44815797001359e-48,1.4823342014357e-46
"NDST4|64579",1.94951618921282,-3.08063788064322,4.57373853975149e-48,1.5213609565003e-46
"GHRHR|2692",2.37197305930054,-3.69713733781902,5.54988286488935e-48,1.84264317965143e-46
"FCER2|2208",-1.67271604251185,0.155696334195906,8.84853507577299e-48,2.93242411496374e-46
"PNLDC1|154197",-1.58818731527075,0.9950231358696,9.62029995657039e-48,3.18231727108503e-46
"IRS4|8471",-1.61698964301419,-0.110242515145568,2.25865960262568e-47,7.43041094915064e-46
"BAGE|574",-2.41477569390379,-2.75032639487915,2.76131451262807e-47,9.01795114105915e-46
"EDAR|10913",-1.5419264609527,4.10707397472501,3.56537368096061e-47,1.16227299559736e-45
"FMO6P|388714",-1.74987975105553,-1.04070610402271,4.13862595373193e-47,1.34670288733574e-45
"GC|2638",-1.53835474009041,4.25887112185256,4.26907263619094e-47,1.38663802335012e-45
"DNAJC5G|285126",2.05288211614213,-3.37501593379457,4.51333894910626e-47,1.46333202534019e-45
"CHRM2|1129",-2.00421683284357,-1.85173636007183,5.29871772442962e-47,1.71179078716196e-45
"MSH4|4438",1.64483490134512,-2.35710013413045,5.81665332331241e-47,1.87574016146028e-45
"KCNMA1|3778",-1.53588088143248,5.04753026093531,6.72665050086471e-47,2.16530638524251e-45
"SMYD1|150572",-2.26139025551418,-2.46184381915234,1.05672406800128e-46,3.3955058514202e-45
"CHODL|140578",-1.55098462858228,1.87906927133845,1.1874811850216e-46,3.80884590095679e-45
"KCNJ6|3763",1.66110463849521,-2.26569635300487,1.62635147761397e-46,5.20722375060644e-45
"PABPC4L|132430",-1.54630725179028,1.59998431338614,2.44499253357306e-46,7.78669430638995e-45
"FOXI2|399823",-2.05445817555707,-1.72326979104979,2.54663799753149e-46,8.09605517020541e-45
"NTSR1|4923",-1.52916942055337,3.08415594609678,3.17424065624637e-46,1.00734471143988e-44
"FREM2|341640",-1.51803769595799,4.97312497807617,4.7310265828107e-46,1.49874249524596e-44
"LRMP|4033",-1.52787598447845,2.78900804779899,5.87435617836604e-46,1.85766171964456e-44
"SLITRK2|84631",-2.04935047247285,-1.88738189658537,7.46432355067785e-46,2.35217858977676e-44
"SRRM4|84530",1.73263397015492,-2.60814352704198,1.21095504304128e-45,3.80931251893299e-44
"C1orf127|148345",1.54383438519281,-1.73745453810874,1.36172242544839e-45,4.27609409194125e-44
"FGF20|26281",1.55336584104963,-1.76497539789828,1.7568162136843e-45,5.5071436003835e-44
"RYR2|6262",-1.51636955594581,2.92275342165554,1.96896603505249e-45,6.14002915305779e-44
"MYO3A|53904",-1.5208535443382,1.49562038241946,2.85960982004372e-45,8.90196041379987e-44
"PLG|5340",1.83549943979992,-3.10363511499117,3.89263473458735e-45,1.20968001907713e-43
"TCERG1L|256536",-1.77743159922396,-0.675283094080797,6.66780244078408e-45,2.05785339246329e-43
"ARSF|416",-1.87846772555216,-1.15589485918946,6.95981639370548e-45,2.14429197364902e-43
"SNAP91|9892",-1.85142047625263,-1.62933870137155,1.15376251771744e-44,3.54254399029756e-43
"KRT74|121391",-1.72213676880781,-0.910100011345817,1.94512885976003e-44,5.93181741579111e-43
"ADAMTS19|171019",-1.6847343391258,-1.07565864217588,2.02949598080251e-44,6.17861132324995e-43
"HTR4|3360",1.80598007545093,-2.85796847850328,2.3569167865207e-44,7.1391128700649e-43
"SP9|100131390",-1.69930460675061,-0.691570294271284,4.11640901085249e-44,1.24267123786441e-42
"OR56A3|390083",-2.19051571754813,-2.66392601735484,6.47026160057733e-44,1.94671421892077e-42
"SLITRK4|139065",-1.67646215697646,-0.809519015599223,8.07304752905406e-44,2.42083605537344e-42
"SLC22A9|114571",-2.05081384525246,-2.18399219446776,1.12461694045366e-43,3.36112637012123e-42
"EYA1|2138",-1.52867547208698,0.447648996322447,1.13913577773129e-43,3.39886326239359e-42
"TCEAL2|140597",-1.56206833108351,0.061091687861224,5.88893499875121e-43,1.74549588197309e-41
"SLC22A7|10864",1.91281315192905,-3.23734669743877,9.84319430129962e-43,2.90317661806147e-41
"DKK4|27121",-1.66147732851206,-0.517720208947313,1.92491005590639e-42,5.64954810852788e-41
"KRT38|8687",-2.33265970394888,-2.77191970675524,2.07323527528397e-42,6.07495138901315e-41
"STON1-GTF2A1L|286749",-1.76259865798192,-1.08164196147603,2.39878240234768e-42,7.01741522979952e-41
"DPPA3|359787",1.92362643685444,-3.15100293403557,3.89336267085451e-42,1.13159515038655e-40
"LOC285735|285735",-2.92222239195361,-3.32160644460134,3.9848316719863e-42,1.156309313283e-40
"A2BP1|54715",-2.08676394700438,-2.38623502931732,5.10846438002693e-42,1.47997156764587e-40
"ARMS2|387715",-2.48340601636611,-2.88667733287912,1.30520759113903e-41,3.75106220032628e-40
"ZMAT4|79698",-1.83126452924569,-1.79809992557496,1.51758930739435e-41,4.35446312131266e-40
"GUCY2E|390226",-2.97854324290687,-3.41634272291488,3.42873487527652e-41,9.76021170043058e-40
"C17orf78|284099",-1.59749053661486,-0.826948578092983,4.00283208460299e-41,1.13764034657657e-39
"FAM71F1|84691",-1.96094129285116,-2.17832533446812,5.27629179671273e-41,1.49483837937783e-39
"C14orf86|283592",-2.84178751743578,-3.29158304368472,7.11287683173363e-40,1.99005441824921e-38
"CYP4F8|11283",-1.79908363232161,-2.14061659841605,1.6982988315392e-39,4.72943311815615e-38
"ANO4|121601",-1.55223116175176,-0.930583418641683,6.24669381982028e-39,1.71302464720018e-37
"VWC2|375567",-1.97814582783659,-2.31188273781536,8.24055648675814e-39,2.25635481120655e-37
"NF1P1|440225",-3.54689337032966,-3.75910845932416,1.48926161791506e-38,4.05304805772581e-37
"CFC1B|653275",1.5656812373969,-2.1554920424186,5.07670811397302e-38,1.36101240512214e-36
"ADRB3|155",-1.91545359200841,-2.30927444841593,6.10447059382779e-38,1.63410582423748e-36
"XKR5|389610",-1.53976095808625,-1.01980600570173,9.25471998955969e-38,2.4663691461791e-36
"SERPINB10|5273",-1.90551763096088,-2.3365866196353,1.64407215703052e-37,4.33639120184761e-36
"KRT37|8688",1.6882076627405,-3.00078035971697,1.75171901769291e-37,4.60679018972181e-36
"AADACL3|126767",-2.25860295634246,-2.92480030611813,2.17100020077516e-37,5.6927745410691e-36
"DCAF12L1|139170",-2.79067652763514,-3.46520040842004,2.59376382141744e-36,6.5897009561952e-35
"CGB5|93659",-1.61537961747979,-1.59317133404193,3.62862758398801e-36,9.16700543791738e-35
"PLA2G1B|5319",-2.19312247979628,-2.96281220533659,5.25311706856951e-36,1.32523158406805e-34
"ANGPTL7|10218",-1.57981069025827,-1.33765260217118,8.79125720675935e-36,2.20235093372122e-34
"NLRP5|126206",-2.06884769561648,-2.84261722966824,1.01801191182984e-35,2.53965693892884e-34
"RTP1|132112",-1.9591007399753,-2.65883141607892,1.08860696374515e-35,2.71200530967967e-34
"CHRNA4|1137",-1.84400620306881,-2.25031530372546,1.32109490251686e-35,3.27518189312314e-34
"KRT12|3859",-1.92145805667702,-2.40451112728453,2.6783709981719e-35,6.59930039357525e-34
"LOC442308|442308",-1.70579194617533,-2.04830224437783,3.36355457249025e-35,8.25357475834289e-34
"BPIL3|128859",2.58052514185599,-4.29042158766189,3.91482515320856e-34,9.27679279708867e-33
"PSG9|5678",1.54865209923559,-2.90450783717215,7.05421306952492e-34,1.66283169494497e-32
"MRGPRD|116512",-2.34062627738113,-3.21875734215576,1.71376265567684e-33,4.00815166943586e-32
"HMX2|3167",-1.6798950813413,-2.15097661601136,1.93371835116098e-33,4.51670338407718e-32
"THEG|51298",-1.50949212321901,-1.49548346451621,3.31623214833385e-33,7.67605178458409e-32
"HPD|3242",-1.66652434469961,-1.81882579885003,6.39109357638988e-33,1.4661152339606e-31
"SMCP|4184",-2.49057478115515,-3.29936070816515,6.98721609383977e-33,1.60082111578508e-31
"NBPF7|343505",1.52545399838083,-2.58649325642155,1.0035666607243e-32,2.29339241220482e-31
"GPR119|139760",2.57588195136218,-4.25867005058711,1.54026700141454e-32,3.50199612027889e-31
"C4orf26|152816",-1.84467778312371,-2.63676957621396,3.08912581820618e-32,6.95324285045357e-31
"IL1RAPL2|26280",-1.8890842974965,-2.63778636455663,3.16087693895486e-32,7.10584124874933e-31
"PRKAG3|53632",-2.37895807759754,-3.2784250479326,4.63499194431836e-32,1.03678362769423e-30
"C1QTNF9B|387911",-1.54420190969588,-1.789822141874,6.62938488004351e-32,1.47372538632849e-30
"RFPL4B|442247",-1.50332628575891,-1.64747795086976,1.11078639922696e-31,2.45411381339664e-30
"TRIM60|166655",-3.14670595398408,-3.89093078059125,5.92867957036643e-31,1.28457107892547e-29
"COX8C|341947",-2.70087157327713,-3.69377075091368,8.74036665371059e-31,1.87792423246351e-29
"FAM163B|642968",-2.00557162418172,-3.02812798706679,1.72637572229302e-30,3.6827981857277e-29
"SPTA1|6708",-2.28683933834627,-3.31963285439519,6.56148635740479e-30,1.37683899476291e-28
"C9orf71|169693",2.0060663407248,-3.94608206172516,6.85662410713084e-30,1.43041442755266e-28
"SCGB2A2|4250",-2.18292702467891,-2.23648523451591,1.21376815096127e-29,2.52334531569054e-28
"CER1|9350",1.9035114944444,-3.71763020281103,1.25529375595971e-29,2.60064434193176e-28
"YSK4|80122",-1.63581318832717,-2.39992206624093,2.36035851569156e-29,4.86201372234538e-28
"LOC441601|441601",-2.61027168686187,-3.71959533737032,5.17585486565558e-29,1.05646255791938e-27
"CGB|1082",-1.50139099669454,-1.9007810508093,5.29723169028936e-29,1.08000993894413e-27
"KIAA1210|57481",-1.87168119767061,-3.00297783385431,1.25165137654769e-28,2.52325050791802e-27
"VENTXP1|139538",-2.76721311016843,-3.81141684847083,1.35319986412093e-28,2.72490761876011e-27
"KLK3|354",-1.63784063518683,-2.64464732569931,7.38646163502404e-28,1.45000681845139e-26
"MC4R|4160",-2.02371450287265,-3.22212158634495,8.95451670302319e-28,1.74827205456198e-26
"DNAJB13|374407",-1.54828639970738,-2.27214180391531,8.97840960908724e-28,1.75103358738789e-26
"FAM48B2|170067",-2.4074719386071,-3.63898998319466,1.59960240949377e-27,3.09279423889419e-26
"DBX2|440097",-1.63641368099775,-2.47483107016464,2.60226960129339e-27,4.99914081052747e-26
"BET3L|100128327",-1.82721217693142,-3.02718610597809,6.79830762585515e-27,1.28538106921695e-25
"PSG1|5669",-1.98594357889472,-3.28860644528981,9.03244594455532e-27,1.69707943573329e-25
"tAKR|389932",-1.94388493292936,-3.19020188189771,1.24551093294811e-26,2.33526799348788e-25
"SPHKAP|80309",-2.23958322551977,-3.49461484523684,1.7511918958189e-26,3.26295734779037e-25
"KRT32|3882",-1.58799972378339,-1.91203653203426,1.86057331602756e-26,3.46317283963595e-25
"TPTE2P3|220115",-1.98504267289037,-3.30556825418454,4.00564836561442e-26,7.35679508621331e-25
"FLJ36000|284124",-1.61172854199745,-2.70411740673177,7.1417603237023e-26,1.28924923552101e-24
"SPATA21|374955",-1.55401066331401,-2.48308703331779,1.07698521334735e-25,1.92485655742738e-24
"USP29|57663",1.92415373739741,-3.95394066337291,3.74355546873999e-25,6.57942694026495e-24
"KCNA4|3739",-2.21531560386851,-3.56214553838771,4.47680785062358e-25,7.82983667116852e-24
"ARGFX|503582",-1.77038914536845,-3.06680657141646,9.4857148533194e-25,1.63045368607965e-23
"CMA1|1215",-1.77611878337525,-2.98204904606632,1.30970564574014e-24,2.22985145106962e-23
"GAB4|128954",-1.93746723834612,-3.28511111694378,5.97346174174583e-24,9.89809223295559e-23
"OR2V2|285659",-3.07615766557764,-4.14084945573066,1.49955770062373e-23,2.4553377774479e-22
"SORCS3|22986",-1.5398144534183,-2.63143751713598,2.61241954138478e-23,4.24654115858403e-22
"LOC572558|572558",-1.64070437094143,-2.56443011265146,3.81695744645928e-23,6.17103417221436e-22
"C11orf85|283129",1.69280742125188,-3.78558470511296,4.47345574538615e-23,7.20001900525322e-22
"SLC7A3|84889",-1.50168354252609,-2.68053141544084,4.51434933026095e-23,7.2593323787061e-22
"CD300LG|146894",-1.58351876422975,-2.75059946467976,1.65620712727279e-22,2.56898034715664e-21
"LPPR5|163404",-1.51759119168998,-2.89580324619846,1.56031596421845e-21,2.32006584017316e-20
"INSL6|11172",1.57894540413693,-3.80951887764328,3.15487577749159e-21,4.6335142040314e-20
"DAO|1610",1.57463723859853,-3.8401354559484,6.09637593149709e-21,8.78837114619187e-20
"PRB1|5542",-1.94907177486116,-3.58372963067989,7.1673056557374e-21,1.02826792482712e-19
"C18orf16|147429",-1.57987800033849,-2.9578805493506,8.73099887559199e-21,1.24861625639636e-19
"NCRNA00099|359822",-1.5731969769543,-3.19357042755035,2.06680071281368e-20,2.90257032084123e-19
"LOC283999|283999",-2.13561710127421,-3.9392456133362,2.24181473411097e-19,2.98498712039298e-18
"USP26|83844",-1.62719701807212,-3.40105508606802,2.46642344172627e-19,3.27192746383214e-18
"ZNF479|90827",-1.7138794729178,-3.50901215487578,4.29486430596365e-19,5.63097464698679e-18
"C12orf77|196415",-1.88336247813314,-3.66875382451493,1.29192552009685e-18,1.66348144745374e-17
"OR12D3|81797",-2.33693815179879,-4.01536220443707,1.59726371662851e-18,2.04782661513785e-17
"LCN8|138307",-1.53721445582978,-3.3261070436154,9.26530508983603e-18,1.1398863700249e-16
"SLC25A31|83447",-1.68683222540775,-3.72700698729097,1.22661528583439e-15,1.3500284169214e-14
"PSG6|5675",-1.71024824414793,-3.89732336692927,8.73163894853991e-15,9.11847086009732e-14
"PRR23A|729627",-1.6096230434933,-3.82302704641847,4.95517267796328e-14,4.93374787370158e-13
"CYP1A2|1544",-1.58138789625978,-3.74186467287201,5.46843856238766e-14,5.43575503362519e-13
"ZIM3|114026",-1.84099376817113,-4.16155301746304,3.53211448456334e-12,3.09935712612246e-11
"TRIM42|287015",-1.6342895219687,-4.05065289412304,1.39398107255584e-11,1.17387191867079e-10
